Date,New cases,New deaths,New recovered
2020-01-22,0,0,0
2020-01-23,99,1,2
2020-01-24,287,8,6
2020-01-25,493,16,3
2020-01-26,684,14,13
2020-01-27,809,26,9
2020-01-28,2651,49,46
2020-01-29,588,2,18
2020-01-30,2068,38,16
2020-01-31,1693,42,78
2020-02-01,2111,46,62
2020-02-02,4749,103,178
2020-02-03,3100,64,145
2020-02-04,4011,66,217
2020-02-05,3745,72,250
2020-02-06,3159,70,347
2020-02-07,3532,85,485
2020-02-08,2734,87,567
2020-02-09,3027,100,587
2020-02-10,2538,107,657
2020-02-11,2042,100,703
2020-02-12,1886,5,432
2020-02-13,13645,253,1081
2020-02-14,6484,152,1683
2020-02-15,2075,143,1289
2020-02-16,2114,104,1417
2020-02-17,1936,98,1632
2020-02-18,1794,140,1742
2020-02-19,421,115,1701
2020-02-20,547,123,1975
2020-02-21,629,4,597
2020-02-22,1761,207,3883
2020-02-23,323,10,455
2020-02-24,564,160,1743
2020-02-25,853,80,2605
2020-02-26,963,60,2425
2020-02-27,1364,43,2842
2020-02-28,1377,57,3387
2020-02-29,1895,69,3008
2020-03-01,2384,54,2894
2020-03-02,1974,89,2877
2020-03-03,2577,75,2596
2020-03-04,2299,95,2938
2020-03-05,2791,93,2618
2020-03-06,3943,112,2033
2020-03-07,4038,99,2490
2020-03-08,3954,244,2332
2020-03-09,3900,184,1799
2020-03-10,5024,279,1911
2020-03-11,7663,344,2311
2020-03-12,5750,305,1321
2020-03-13,14405,497,1925
2020-03-14,11106,417,2370
2020-03-15,11146,641,3410
2020-03-16,14659,680,2053
2020-03-17,15838,804,2752
2020-03-18,19586,897,2483
2020-03-19,27918,1106,1637
2020-03-20,29608,1478,2445
2020-03-21,32306,1705,4266
2020-03-22,33410,1697,6215
2020-03-23,42165,1917,466
2020-03-24,41154,2268,9541
2020-03-25,50817,2777,5448
2020-03-26,62960,3007,8359
2020-03-27,64400,3518,8704
2020-03-28,67657,3679,8292
2020-03-29,59577,3473,9461
2020-03-30,64639,4164,15446
2020-03-31,76416,4844,12367
2020-04-01,76214,5551,15360
2020-04-02,81399,6305,16618
2020-04-03,83155,5985,15008
2020-04-04,80463,5841,20012
2020-04-05,71718,5021,13405
2020-04-06,72672,5832,16335
2020-04-07,76873,7902,22853
2020-04-08,83775,6735,28352
2020-04-09,86625,7629,24332
2020-04-10,87658,7272,21128
2020-04-11,76965,6069,25514
2020-04-12,96802,5731,18873
2020-04-13,69594,5747,26531
2020-04-14,69927,6898,24619
2020-04-15,80829,8312,35911
2020-04-16,96712,7283,30090
2020-04-17,87724,8890,25272
2020-04-18,73958,6471,23502
2020-04-19,80523,4570,30768
2020-04-20,73339,5443,21305
2020-04-21,75250,7157,34181
2020-04-22,78994,6755,29164
2020-04-23,89013,6850,28482
2020-04-24,96974,6674,49640
2020-04-25,84932,5578,26910
2020-04-26,72948,3883,27730
2020-04-27,68704,4649,26413
2020-04-28,75404,6463,32298
2020-04-29,79558,6768,41072
2020-04-30,83681,5962,63864
2020-05-01,87046,5177,36885
2020-05-02,81853,5325,39861
2020-05-03,77636,3453,31215
2020-05-04,76078,4128,32949
2020-05-05,79989,5871,35629
2020-05-06,90022,6669,44739
2020-05-07,90669,5409,38417
2020-05-08,92997,5568,35538
2020-05-09,85846,4265,52518
2020-05-10,76255,3566,32741
2020-05-11,76298,3473,46096
2020-05-12,83619,5547,35987
2020-05-13,84917,5228,54714
2020-05-14,97106,5268,38807
2020-05-15,96349,5215,47168
2020-05-16,95412,4171,55666
2020-05-17,78509,3329,40153
2020-05-18,88284,3291,52210
2020-05-19,96633,4784,51347
2020-05-20,103028,4885,58185
2020-05-21,106438,4786,50327
2020-05-22,106900,5284,107773
2020-05-23,105289,3989,54261
2020-05-24,95326,3140,54753
2020-05-25,87335,1178,63050
2020-05-26,92742,4203,54513
2020-05-27,102600,5213,62495
2020-05-28,119314,4701,66133
2020-05-29,121167,4742,76381
2020-05-30,137833,4156,69854
2020-05-31,107552,2888,75608
2020-06-01,95195,3068,54010
2020-06-02,121577,4823,103484
2020-06-03,119389,5572,78347
2020-06-04,126937,5149,69346
2020-06-05,130863,4776,68261
2020-06-06,135942,3881,71177
2020-06-07,112259,2742,54504
2020-06-08,102225,3697,150922
2020-06-09,124342,4922,81481
2020-06-10,134025,5205,78033
2020-06-11,138114,4774,84967
2020-06-12,129094,4297,78812
2020-06-13,136010,4238,85115
2020-06-14,133421,3374,69958
2020-06-15,119638,3425,79400
2020-06-16,141403,6867,97394
2020-06-17,141853,5255,117401
2020-06-18,139928,5029,80625
2020-06-19,180954,6273,94472
2020-06-20,157552,4249,115305
2020-06-21,128539,3963,68272
2020-06-22,137858,3571,91218
2020-06-23,165338,5311,103603
2020-06-24,171183,5261,115309
2020-06-25,177887,6627,92453
2020-06-26,191346,4827,106316
2020-06-27,178110,4486,106034
2020-06-28,162349,3089,88784
2020-06-29,158572,3721,93902
2020-06-30,173898,5132,116965
2020-07-01,217689,5011,115624
2020-07-02,207705,5120,284394
2020-07-03,203495,4995,109465
2020-07-04,193567,4369,195433
2020-07-05,182695,3445,119171
2020-07-06,167343,3797,123222
2020-07-07,210844,6107,144745
2020-07-08,211802,5319,157503
2020-07-09,228227,5458,134221
2020-07-10,232577,5311,139017
2020-07-11,216328,4897,125457
2020-07-12,192668,3954,111463
2020-07-13,192779,3815,139965
2020-07-14,221452,5660,141758
2020-07-15,231122,5493,159423
2020-07-16,252544,5799,151921
2020-07-17,242038,6743,159519
2020-07-18,237635,5627,150790
2020-07-19,214647,4029,87685
2020-07-20,206778,4160,158542
2020-07-21,233565,6238,174209
2020-07-22,280647,6983,176269
2020-07-23,282756,9966,169714
2020-07-24,281164,6144,228736
2020-07-25,255545,4867,219038
2020-07-26,204606,4104,134721
2020-07-27,228693,5415,174623
