Country/Region,Population,TotalCases,Infection Rate (%)
Qatar,2807805,112092,3.99
French Guiana,299385,8127,2.71
Bahrain,1706669,42889,2.51
San Marino,33938,699,2.06
Chile,19132514,366671,1.92
Panama,4321282,71418,1.65
Kuwait,4276658,70045,1.64
Oman,5118446,80713,1.58
USA,331198130,5032179,1.52
Vatican City,801,12,1.5
Peru,33016319,455409,1.38
Brazil,212710692,2917562,1.37
Armenia,2963811,39819,1.34
Andorra,77278,944,1.22
Luxembourg,626952,7073,1.13
Mayotte,273419,3042,1.11
Singapore,5854932,54555,0.93
South Africa,59381566,538184,0.91
Israel,9197590,79559,0.86
Maldives,541448,4680,0.86
Saudi Arabia,34865919,284226,0.82
Sweden,10105596,81967,0.81
Spain,46756648,354530,0.76
Bolivia,11688459,86423,0.74
Belarus,9449001,68503,0.72
Colombia,50936262,357710,0.7
Dominican Republic,10858648,76536,0.7
Moldova,4032983,26628,0.66
United Arab Emirates,9902079,61845,0.62
Belgium,11594739,71158,0.61
Russia,145940924,871894,0.6
Kyrgyzstan,6534479,38659,0.59
Iceland,341465,1930,0.57
Gibraltar,33690,190,0.56
North Macedonia,2083365,11399,0.55
Montenegro,628074,3480,0.55
Djibouti,989387,5330,0.54
Faeroe Islands,48882,266,0.54
Ireland,4943200,26372,0.53
Kazakhstan,18798667,95942,0.51
Ecuador,17668824,90537,0.51
Portugal,10193593,52061,0.51
Argentina,45236884,228195,0.5
Cabo Verde,556581,2734,0.49
United Kingdom,67922029,308134,0.45
Honduras,9919704,45098,0.45
Switzerland,8660952,36108,0.42
Italy,60452568,249204,0.41
Costa Rica,5098730,21070,0.41
Bosnia and Herzegovina,3278650,13396,0.41
Sao Tome and Principe,219544,878,0.4
Isle of Man,85078,336,0.39
Iran,84097623,320117,0.38
Sint Maarten,42924,160,0.37
Falkland Islands,3489,13,0.37
Mexico,129066160,462690,0.36
Suriname,587154,2096,0.36
Iraq,40306025,140603,0.35
Gabon,2230563,7787,0.35
Equatorial Guinea,1407001,4821,0.34
Channel Islands,174022,597,0.34
Netherlands,17138756,56982,0.33
Azerbaijan,10148243,33247,0.33
Turks and Caicos,38768,129,0.33
Monaco,39270,125,0.32
Canada,37775022,118561,0.31
Serbia,8733665,27332,0.31
Cayman Islands,65798,203,0.31
France,65288306,195633,0.3
Romania,19224023,57895,0.3
Guatemala,17946899,54339,0.3
El Salvador,6489514,19126,0.29
Turkey,84428331,237265,0.28
Germany,83811260,215210,0.26
Palestine,5112340,13398,0.26
Eswatini,1161348,2968,0.26
Montserrat,4992,13,0.26
Denmark,5794279,14306,0.25
Aruba,106812,263,0.25
Bermuda,62254,157,0.25
Austria,9011577,21696,0.24
Liechtenstein,38139,89,0.23
Albania,2877470,6016,0.21
Malta,441663,946,0.21
Bulgaria,6942854,13014,0.19
Bahamas,393616,761,0.19
Ukraine,43705858,76808,0.18
Czechia,10711019,17731,0.17
Norway,5425471,9468,0.17
Estonia,1326627,2124,0.16
India,1381344997,2025409,0.15
Bangladesh,164851401,249651,0.15
Finland,5541604,7532,0.14
Mauritania,4660728,6444,0.14
Saint Martin,38729,53,0.14
Pakistan,221295851,281863,0.13
Poland,37842302,49515,0.13
Ghana,31133483,39642,0.13
Croatia,4102577,5404,0.13
Seychelles,98408,126,0.13
Philippines,109722719,119460,0.11
Slovenia,2078968,2223,0.11
CAR,4837752,4620,0.1
Namibia,2545264,2652,0.1
Guinea-Bissau,1972277,2032,0.1
Cyprus,1208238,1208,0.1
Egypt,102516525,95006,0.09
Afghanistan,39009447,36896,0.09
Paraguay,7141091,6375,0.09
Antigua and Barbuda,98010,92,0.09
Algeria,43926079,33626,0.08
Morocco,36953359,29644,0.08
Uzbekistan,33516027,28315,0.08
Venezuela,28427499,22299,0.08
Australia,25528864,19890,0.08
Tajikistan,9557468,7665,0.08
Lebanon,6822220,5672,0.08
Lithuania,2718121,2171,0.08
Nepal,29186486,21750,0.07
Cameroon,26606188,17718,0.07
Haiti,11416103,7544,0.07
Libya,6880353,4879,0.07
Latvia,1883936,1275,0.07
Réunion,895952,671,0.07
Guyana,786936,538,0.07
Guadeloupe,400131,279,0.07
Martinique,375235,276,0.07
Ivory Coast,26437950,16447,0.06
Senegal,16783877,10715,0.06
Guinea,13164905,7664,0.06
Nicaragua,6632263,3902,0.06
Congo,5530506,3546,0.06
Kenya,53881160,24411,0.05
Madagascar,27755708,12526,0.05
Greece,10417673,5123,0.05
Hungary,9657785,4597,0.05
Hong Kong,7503041,3850,0.05
Slovakia,5459915,2480,0.05
Comoros,871326,396,0.05
Barbados,287411,133,0.05
St. Vincent Grenadines,110976,56,0.05
Caribbean Netherlands,26247,13,0.05
Indonesia,273808365,118753,0.04
Zambia,18430129,7164,0.04
Uruguay,3474956,1318,0.04
Gambia,2422754,935,0.04
Japan,126435859,42263,0.03
South Korea,51273732,14519,0.03
Sudan,43943536,11780,0.03
Malaysia,32406372,9038,0.03
Zimbabwe,14883803,4339,0.03
New Zealand,5002100,1569,0.03
Georgia,3988368,1206,0.03
Jamaica,2962478,958,0.03
Botswana,2356075,804,0.03
Lesotho,2143943,742,0.03
Mauritius,1271985,344,0.03
Brunei,437893,141,0.03
Saint Kitts and Nevis,53237,17,0.03
Nigeria,206606300,45244,0.02
Ethiopia,115223736,20900,0.02
Malawi,19174839,4491,0.02
Somalia,15933012,3227,0.02
Cuba,11325899,2775,0.02
South Sudan,11206572,2450,0.02
Rwanda,12981546,2111,0.02
Benin,12151976,1936,0.02
Sierra Leone,7992169,1877,0.02
Liberia,5068618,1224,0.02
Trinidad and Tobago,1399950,210,0.02
Belize,398312,86,0.02
French Polynesia,281072,64,0.02
Curaçao,164161,31,0.02
Grenada,112576,24,0.02
Dominica,72004,18,0.02
Greenland,56780,14,0.02
DRC,89802183,9309,0.01
Sri Lanka,21422362,2839,0.01
Mali,20302901,2552,0.01
Mozambique,31333962,2120,0.01
Yemen,29886897,1768,0.01
Tunisia,11830801,1642,0.01
Jordan,10213138,1232,0.01
Burkina Faso,20954852,1158,0.01
Togo,8296582,1012,0.01
Syria,17539600,999,0.01
Chad,16467965,942,0.01
Mongolia,3283344,293,0.01
Eritrea,3551175,282,0.01
Bhutan,772443,105,0.01
Macao,650193,46,0.01
Saint Lucia,183712,25,0.01
New Caledonia,285769,22,0.01
Thailand,69817894,3330,0.0
Angola,32956300,1483,0.0
Uganda,45867852,1223,0.0
Niger,24281433,1153,0.0
Vietnam,97425470,747,0.0
Tanzania,59886383,509,0.0
Taiwan,23821199,477,0.0
Burundi,11922216,395,0.0
Myanmar,54446389,357,0.0
Cambodia,16741375,243,0.0
Papua New Guinea,8963009,163,0.0
Fiji,897095,27,0.0
Timor-Leste,1320812,25,0.0
Laos,7285750,20,0.0
Western Sahara,598682,10,0.0
